Desktop_02_PickandMix,65.17
amplience-7e2e264,0.13
amplience-73e4f111,0.17
amplience-054f97c5,0.16
amplience-c533b57c,0.14
amplience-36f26c31,0.07
amplience-bd786b30,0.14
amplience-ffb959e3,0.14
amplience-94a93114,0.15
amplience-4d3cc8e1,0.15
amplience-af358f47,0.15
amplience-51889082,0.13
amplience-891d0638,0.14
amplience-6c1981ea,0.16
oauth,3.54
seo,0.15
getBundlePrice,0.33
search-catUKPickMixTravel,1.40
search-catUKPickMixBWash,1.13
search-catUKPickMixBLotion,2.22
search-catUKPickMixHWash,0.50
search-catUKPickMixHLotion,1.23
search-catUKPickMixMens,4.30
search-catUKPickMixHair,4.70